team,number,player,position,height,weight,dob,yoe,college,country
Boston Celtics,7.0,Jaylen Brown,SF,6-6,223,"October 24, 1996",6,California,United States
Boston Celtics,0.0,Jayson Tatum,SF,6-8,210,"March 3, 1998",5,Duke,United States
Boston Celtics,13.0,Malcolm Brogdon,PG,6-5,229,"December 11, 1992",6,Virginia,United States
Boston Celtics,12.0,Grant Williams,PF,6-6,236,"November 30, 1998",3,Tennessee,United States
Boston Celtics,36.0,Marcus Smart,PG,6-3,220,"March 6, 1994",8,Oklahoma State,United States
Boston Celtics,9.0,Derrick White,SG,6-4,190,"July 2, 1994",5,"Colorado-Colorado Springs, Colorado",United States
Boston Celtics,4.0,Noah Vonleh,PF,6-10,257,"August 24, 1995",7,Indiana,United States
Boston Celtics,91.0,Blake Griffin,PF,6-9,250,"March 16, 1989",12,Oklahoma,United States
Boston Celtics,30.0,Sam Hauser,PF,6-8,215,"December 8, 1997",1,"Marquette, Virginia",United States
Boston Celtics,,JD Davison (TW),PG,6-3,195,"October 3, 2002",R,Alabama,United States
Boston Celtics,,Luke Kornet,C,7-2,250,"July 15, 1995",5,Vanderbilt,United States
Boston Celtics,,Robert Williams,C,6-8,237,"October 17, 1997",4,Texas A&M,United States
Boston Celtics,,Justin Jackson,SF,6-8,220,"March 28, 1995",5,UNC,United States
Boston Celtics,,Payton Pritchard,SG,6-1,195,"January 28, 1998",2,Oregon,United States
Brooklyn Nets,7.0,Kevin Durant,SF,6-10,240,"September 29, 1988",14,Texas,United States
Brooklyn Nets,33.0,Nic Claxton,C,6-11,215,"April 17, 1999",3,Georgia,United States
Brooklyn Nets,0.0,Royce O'Neale,SF,6-4,226,"June 5, 1993",5,"Denver, Baylor",United States
Brooklyn Nets,4.0,Edmond Sumner,SG,6-4,196,"December 31, 1995",4,Xavier,United States
Brooklyn Nets,20.0,Day'Ron Sharpe,C,6-11,265,"November 6, 2001",1,UNC,United States
Brooklyn Nets,14.0,Kessler Edwards,SF,6-8,215,"August 9, 2000",1,Pepperdine,United States
Brooklyn Nets,13.0,Markieff Morris,PF,6-9,245,"September 2, 1989",11,Kansas,United States
Brooklyn Nets,,Alondes Williams (TW),SG,6-5,210,"June 19, 1999",R,"Triton College, Oklahoma, Wake Forest",United States
Brooklyn Nets,,David Duke Jr. (TW),SG,6-5,205,"October 13, 1999",1,Providence,United States
Brooklyn Nets,,T.J. Warren,SF,6-8,220,"September 5, 1993",7,NC State,United States
Brooklyn Nets,,Joe Harris,SG,6-6,220,"September 6, 1991",8,Virginia,United States
Brooklyn Nets,,Seth Curry,SG,6-2,185,"August 23, 1990",8,"Liberty, Duke",United States
Toronto Raptors,33.0,Gary Trent Jr.,SG,6-5,209,"January 18, 1999",4,Duke,United States
Toronto Raptors,23.0,Fred VanVleet,PG,6-1,197,"February 25, 1994",6,Wichita State,United States
Toronto Raptors,4.0,Scottie Barnes,SF,6-9,227,"August 1, 2001",1,Florida State,United States
Toronto Raptors,21.0,Thaddeus Young,PF,6-8,235,"June 21, 1988",15,Georgia Tech,United States
Toronto Raptors,,Malachi Flynn,PG,6-1,175,"May 10, 1998",2,"Washington State, San Diego State",United States
Toronto Raptors,,Otto Porter Jr.,SF,6-8,198,"June 3, 1993",9,Georgetown,United States
Toronto Raptors,,Justin Champagnie,SF,6-6,200,"June 29, 2001",1,Pitt,United States
Toronto Raptors,,Ron Harper Jr. (TW),SF,6-6,245,"April 12, 2000",R,Rutgers University,United States
Toronto Raptors,,Jeff Dowtin (TW),PG,6-3,185,"May 10, 1997",1,Rhode Island,United States
Philadelphia 76ers,1.0,James Harden,SG,6-5,220,"August 26, 1989",13,Arizona State,United States
Philadelphia 76ers,0.0,Tyrese Maxey,SG,6-2,200,"November 4, 2000",2,Kentucky,United States
Philadelphia 76ers,12.0,Tobias Harris,PF,6-8,226,"July 15, 1992",11,Tennessee,United States
Philadelphia 76ers,17.0,P.J. Tucker,SF,6-5,245,"May 5, 1985",11,Texas,United States
Philadelphia 76ers,8.0,De'Anthony Melton,PG,6-2,200,"May 28, 1998",4,USC,United States
Philadelphia 76ers,20.0,Georges Niang,PF,6-7,230,"June 17, 1993",6,Iowa State,United States
Philadelphia 76ers,5.0,Montrezl Harrell,C,6-7,240,"January 26, 1994",7,Louisville,United States
Philadelphia 76ers,25.0,Danuel House Jr.,SF,6-6,220,"June 7, 1993",6,Texas A&M,United States
Philadelphia 76ers,22.0,Matisse Thybulle,SG,6-5,201,"March 4, 1997",3,Washington,United States
Philadelphia 76ers,,Shake Milton,SG,6-5,205,"September 26, 1996",4,SMU,United States
Philadelphia 76ers,,Paul Reed,PF,6-9,210,"June 14, 1999",2,DePaul,United States
Philadelphia 76ers,,Jaden Springer,PG,6-4,204,"September 25, 2002",1,Tennessee,United States
Philadelphia 76ers,,Julian Champagnie (TW),SF,6-8,220,"June 29, 2001",R,St. John's,United States
Philadelphia 76ers,,Michael Foster Jr. (TW),PF,6-8,250,"January 16, 2003",R,,United States
New York Knicks,30.0,Julius Randle,PF,6-8,250,"November 29, 1994",8,Kentucky,United States
New York Knicks,0.0,Cam Reddish,SF,6-8,218,"September 1, 1999",3,Duke,United States
New York Knicks,55.0,Isaiah Hartenstein,C,7-0,250,"May 5, 1998",4,,United States
New York Knicks,11.0,Jalen Brunson,PG,6-1,190,"August 31, 1996",4,Villanova,United States
New York Knicks,4.0,Derrick Rose,PG,6-2,200,"October 4, 1988",13,Memphis,United States
New York Knicks,23.0,Mitchell Robinson,C,7-0,240,"April 1, 1998",4,Western Kentucky,United States
New York Knicks,1.0,Obi Toppin,PF,6-9,220,"March 4, 1998",2,Dayton,United States
New York Knicks,5.0,Immanuel Quickley,PG,6-3,190,"June 17, 1999",2,Kentucky,United States
New York Knicks,,Miles McBride,PG,6-2,200,"September 8, 2000",1,West Virginia,United States
New York Knicks,,Quentin Grimes,SG,6-5,205,"May 8, 2000",1,"Kansas, Houston",United States
New York Knicks,,Jericho Sims,C,6-10,245,"October 20, 1998",1,Texas,United States
New York Knicks,,Trevor Keels (TW),SG,6-5,221,"August 26, 2003",R,Duke,United States
New York Knicks,,Ryan Arcidiacono,PG,6-3,195,"March 26, 1994",5,Villanova,United States
Minnesota Timberwolves,0.0,D'Angelo Russell,PG,6-4,193,"February 23, 1996",7,Ohio State,United States
Minnesota Timberwolves,3.0,Jaden McDaniels,PF,6-9,185,"September 29, 2000",2,Washington,United States
Minnesota Timberwolves,4.0,Jaylen Nowell,SG,6-4,201,"July 9, 1999",3,Washington,United States
Minnesota Timberwolves,32.0,Karl-Anthony Towns,C,6-11,248,"November 15, 1995",7,Kentucky,United States
Minnesota Timberwolves,1.0,Anthony Edwards,SG,6-4,225,"August 5, 2001",2,Georgia,United States
Minnesota Timberwolves,12.0,Taurean Prince,PF,6-7,218,"March 22, 1994",6,Baylor,United States
Minnesota Timberwolves,6.0,Jordan McLaughlin,PG,5-11,185,"April 9, 1996",3,USC,United States
Minnesota Timberwolves,5.0,Kyle Anderson,SF,6-9,230,"September 20, 1993",8,UCLA,United States
Minnesota Timberwolves,10.0,Bryn Forbes,SG,6-2,205,"July 23, 1993",6,Michigan State,United States
Minnesota Timberwolves,25.0,Austin Rivers,SG,6-4,200,"August 1, 1992",10,Duke,United States
Minnesota Timberwolves,,Naz Reid,C,6-9,264,"August 26, 1999",3,LSU,United States
Minnesota Timberwolves,,Wendell Moore Jr.,SG,6-5,213,"September 18, 2001",R,Duke,United States
Minnesota Timberwolves,,Josh Minott,SF,6-8,205,"November 25, 2002",R,Memphis,United States
Minnesota Timberwolves,,Nathan Knight,PF,6-10,253,"September 20, 1997",2,William & Mary,United States
Minnesota Timberwolves,,Luka Garza (TW),C,6-11,235,"December 27, 1998",1,Iowa,United States
Oklahoma City Thunder,23.0,Tre Mann,PG,6-3,178,"February 3, 2001",1,Florida,United States
Oklahoma City Thunder,55.0,Darius Bazley,PF,6-8,208,"June 12, 2000",3,,United States
Oklahoma City Thunder,50.0,Jeremiah Robinson-Earl,PF,6-9,230,"November 3, 2000",1,Villanova,United States
Oklahoma City Thunder,34.0,Kenrich Williams,PF,6-6,210,"December 2, 1994",4,TCU,United States
Oklahoma City Thunder,8.0,Jalen Williams,SG,6-6,195,"April 14, 2001",R,Santa Clara,United States
Oklahoma City Thunder,33.0,Mike Muscala,C,6-10,240,"July 1, 1991",9,Bucknell,United States
Oklahoma City Thunder,11.0,Isaiah Joe,SG,6-4,165,"July 2, 1999",2,Arkansas,United States
Oklahoma City Thunder,,Aaron Wiggins,SG,6-6,200,"January 2, 1999",1,Maryland,United States
Oklahoma City Thunder,,Chet Holmgren,PF,7-0,195,"May 1, 2002",R,Gonzaga,United States
Oklahoma City Thunder,,Jaylin Williams,PF,6-10,240,"June 29, 2002",R,Arkansas,United States
Denver Nuggets,50.0,Aaron Gordon,PF,6-8,235,"September 16, 1995",8,Arizona,United States
Denver Nuggets,1.0,Michael Porter Jr.,SF,6-10,218,"June 29, 1998",3,Missouri,United States
Denver Nuggets,3.0,Bones Hyland,PG,6-3,173,"September 14, 2000",1,VCU,United States
Denver Nuggets,11.0,Bruce Brown,PG,6-4,202,"August 15, 1996",4,Miami (FL),United States
Denver Nuggets,32.0,Jeff Green,PF,6-8,235,"August 28, 1986",14,Georgetown,United States
Denver Nuggets,5.0,Kentavious Caldwell-Pope,SG,6-5,204,"February 18, 1993",9,Georgia,United States
Denver Nuggets,14.0,Ish Smith,PG,6-0,175,"July 5, 1988",12,Wake Forest,United States
Denver Nuggets,0.0,Christian Braun,SG,6-7,218,"April 17, 2001",R,Kansas,United States
Denver Nuggets,8.0,Peyton Watson,SG,6-8,200,"September 11, 2002",R,UCLA,United States
Denver Nuggets,6.0,DeAndre Jordan,C,6-11,265,"July 21, 1988",14,Texas A&M,United States
Denver Nuggets,9.0,Davon Reed,SG,6-5,208,"June 11, 1995",3,Miami (FL),United States
Denver Nuggets,,Zeke Nnaji,PF,6-9,240,"January 9, 2001",2,Arizona,United States
Denver Nuggets,,Collin Gillespie (TW),PG,6-3,195,"June 25, 1999",R,Villanova,United States
Portland Trail Blazers,9.0,Jerami Grant,PF,6-8,210,"March 12, 1994",8,Syracuse,United States
Portland Trail Blazers,1.0,Anfernee Simons,SG,6-3,181,"June 8, 1999",4,,United States
Portland Trail Blazers,0.0,Damian Lillard,PG,6-2,195,"July 15, 1990",10,Weber State,United States
Portland Trail Blazers,11.0,Josh Hart,SG,6-5,215,"March 6, 1995",5,Villanova,United States
Portland Trail Blazers,26.0,Justise Winslow,SF,6-6,222,"March 26, 1996",7,Duke,United States
Portland Trail Blazers,10.0,Nassir Little,PF,6-5,220,"February 11, 2000",3,UNC,United States
Portland Trail Blazers,24.0,Drew Eubanks,C,6-9,245,"February 1, 1997",4,Oregon State,United States
Portland Trail Blazers,,Keon Johnson,SG,6-5,186,"March 10, 2002",1,Tennessee,United States
Portland Trail Blazers,,Greg Brown III,PF,6-9,205,"September 1, 2001",1,Texas,United States
Portland Trail Blazers,,Trendon Watford,PF,6-9,240,"November 9, 2000",1,LSU,United States
Portland Trail Blazers,,Gary Payton II,PG,6-3,190,"December 1, 1992",6,Oregon State,United States
Portland Trail Blazers,,Jabari Walker,SF,6-9,215,"July 30, 2002",R,Colorado,United States
Utah Jazz,2.0,Collin Sexton,SG,6-1,190,"January 4, 1999",4,Alabama,United States
Utah Jazz,22.0,Rudy Gay,SF,6-8,250,"August 17, 1986",16,UConn,United States
Utah Jazz,5.0,Malik Beasley,SG,6-4,187,"November 26, 1996",6,Florida State,United States
Utah Jazz,11.0,Mike Conley,PG,6-1,175,"October 11, 1987",15,Ohio State,United States
Utah Jazz,24.0,Walker Kessler,C,7-1,245,"July 26, 2001",R,"UNC, Auburn",United States
Utah Jazz,0.0,Jordan Clarkson,SG,6-4,194,"June 7, 1992",8,"Tulsa, Missouri",United States
Utah Jazz,8.0,Jarred Vanderbilt,PF,6-9,214,"April 3, 1999",4,Kentucky,United States
Utah Jazz,0.0,Talen Horton-Tucker,SG,6-4,234,"November 25, 2000",3,Iowa State,United States
Utah Jazz,30.0,Ochai Agbaji,SG,6-5,215,"April 20, 2000",R,Kansas,United States
Utah Jazz,,Johnny Juzang (TW),SF,6-7,215,"March 17, 2001",R,"Kentucky, UCLA",United States
Utah Jazz,,Micah Potter (TW),PF,6-10,248,"April 6, 1998",1,"Ohio State, Wisconsin",United States
Chicago Bulls,11.0,DeMar DeRozan,SG,6-6,220,"August 7, 1989",13,USC,United States
Chicago Bulls,12.0,Ayo Dosunmu,SG,6-5,200,"January 17, 2000",1,Illinois,United States
Chicago Bulls,0.0,Coby White,PG,6-5,195,"February 16, 2000",3,UNC,United States
Chicago Bulls,3.0,Andre Drummond,C,6-10,279,"August 10, 1993",10,UConn,United States
Chicago Bulls,6.0,Alex Caruso,PG,6-4,186,"February 28, 1994",5,Texas A&M,United States
Chicago Bulls,24.0,Javonte Green,SG,6-4,205,"July 23, 1993",3,Radford,United States
Chicago Bulls,44.0,Patrick Williams,PF,6-7,215,"August 26, 2001",2,Florida State,United States
Chicago Bulls,,Lonzo Ball,PG,6-6,190,"October 27, 1997",5,UCLA,United States
Chicago Bulls,,Tony Bradley,C,6-10,248,"January 8, 1998",5,UNC,United States
Chicago Bulls,,Derrick Jones Jr.,SF,6-5,210,"February 15, 1997",6,UNLV,United States
Chicago Bulls,,Dalen Terry,SG,6-7,195,"July 12, 2002",R,Arizona,United States
Chicago Bulls,,Zach LaVine,SG,6-5,200,"March 10, 1995",8,UCLA,United States
Chicago Bulls,,Malcolm Hill (TW),SF,6-6,220,"October 26, 1995",1,Illinois,United States
Cleveland Cavaliers,45.0,Donovan Mitchell,SG,6-1,215,"September 7, 1996",5,Louisville,United States
Cleveland Cavaliers,4.0,Evan Mobley,C,7-0,215,"June 18, 2001",1,USC,United States
Cleveland Cavaliers,31.0,Jarrett Allen,C,6-11,243,"April 21, 1998",5,Texas,United States
Cleveland Cavaliers,3.0,Caris LeVert,SG,6-6,205,"August 25, 1994",6,Michigan,United States
Cleveland Cavaliers,0.0,Kevin Love,PF,6-8,251,"September 7, 1988",14,UCLA,United States
Cleveland Cavaliers,32.0,Dean Wade,PF,6-9,228,"November 20, 1996",3,Kansas State,United States
Cleveland Cavaliers,10.0,Darius Garland,PG,6-1,192,"January 26, 2000",3,Vanderbilt,United States
Cleveland Cavaliers,35.0,Isaac Okoro,SG,6-5,225,"January 26, 2001",2,Auburn,United States
Cleveland Cavaliers,,Dylan Windler,SF,6-6,196,"September 22, 1996",2,Belmont,United States
Cleveland Cavaliers,,Lamar Stevens,PF,6-6,230,"July 9, 1997",2,Penn State,United States
Cleveland Cavaliers,,Isaiah Mobley (TW),PF,6-10,240,"September 24, 1999",R,USC,United States
Cleveland Cavaliers,,Robin Lopez,C,7-0,281,"April 1, 1988",14,Stanford,United States
Detroit Pistons,23.0,Jaden Ivey,SG,6-4,195,"February 13, 2002",R,Purdue,United States
Detroit Pistons,2.0,Cade Cunningham,PG,6-6,220,"September 25, 2001",1,Oklahoma State,United States
Detroit Pistons,28.0,Isaiah Stewart,C,6-8,250,"May 22, 2001",2,Washington,United States
Detroit Pistons,0.0,Jalen Duren,C,6-10,250,"November 18, 2003",R,Memphis,United States
Detroit Pistons,41.0,Saddiq Bey,SF,6-7,215,"April 9, 1999",2,Villanova,United States
Detroit Pistons,7.0,Killian Hayes,PG,6-5,195,"July 27, 2001",2,,United States
Detroit Pistons,20.0,Kevin Knox,SF,6-7,215,"August 11, 1999",4,Kentucky,United States
Detroit Pistons,6.0,Hamidou Diallo,SG,6-5,202,"July 31, 1998",4,Kentucky,United States
Detroit Pistons,,Isaiah Livers,PF,6-7,230,"July 28, 1998",1,Michigan,United States
Detroit Pistons,,Nerlens Noel,C,6-11,220,"April 10, 1994",8,Kentucky,United States
Detroit Pistons,,Alec Burks,SG,6-6,214,"July 20, 1991",11,Colorado,United States
Detroit Pistons,,Buddy Boeheim (TW),PG,6-6,205,"November 11, 1999",R,Syracuse,United States
Detroit Pistons,,Marvin Bagley III,PF,6-11,235,"March 14, 1999",4,Duke,United States
Detroit Pistons,,Rodney McGruder,SG,6-4,205,"July 29, 1991",6,Kansas State,United States
Indiana Pacers,0.0,Tyrese Haliburton,PG,6-5,185,"February 29, 2000",2,Iowa State,United States
Indiana Pacers,25.0,Jalen Smith,PF,6-10,215,"March 16, 2000",2,Maryland,United States
Indiana Pacers,9.0,T.J. McConnell,PG,6-1,190,"March 25, 1992",7,"Duquesne, Arizona",United States
Indiana Pacers,21.0,Terry Taylor,SG,6-5,230,"September 23, 1999",1,Austin Peay State University,United States
Indiana Pacers,23.0,Aaron Nesmith,SF,6-5,215,"October 16, 1999",2,Vanderbilt,United States
Indiana Pacers,22.0,Isaiah Jackson,PF,6-10,206,"January 10, 2002",1,Kentucky,United States
Indiana Pacers,,Myles Turner,C,6-11,250,"March 24, 1996",7,Texas,United States
Indiana Pacers,,Kendall Brown (TW),SG,6-8,205,"May 11, 2003",R,Baylor,United States
Indiana Pacers,,James Johnson,PF,6-7,240,"February 20, 1987",13,Wake Forest,United States
Indiana Pacers,,Trevelin Queen (TW),PG,6-6,190,"February 25, 1997",1,"College of Marin, New Mexico Military Institute, New Mexico State",United States
Milwaukee Bucks,,Brook Lopez,C,7-0,282,"April 1, 1988",14,Stanford,United States
Milwaukee Bucks,,Khris Middleton,SF,6-7,222,"August 12, 1991",10,Texas A&M,United States
Milwaukee Bucks,,Pat Connaughton,SG,6-5,209,"January 6, 1993",7,Notre Dame,United States
Milwaukee Bucks,,Jrue Holiday,PG,6-3,205,"June 12, 1990",13,UCLA,United States
Milwaukee Bucks,,George Hill,PG,6-4,188,"May 4, 1986",14,IUPUI,United States
Milwaukee Bucks,,Grayson Allen,SG,6-4,198,"October 8, 1995",4,Duke,United States
Milwaukee Bucks,,AJ Green (TW),SG,6-4,200,"September 27, 1999",R,University of Northern Iowa,United States
Milwaukee Bucks,,Jevon Carter,PG,6-1,200,"September 14, 1995",4,West Virginia,United States
Milwaukee Bucks,,Bobby Portis,PF,6-10,250,"February 10, 1995",7,Arkansas,United States
Milwaukee Bucks,,Wesley Matthews,SG,6-4,220,"October 14, 1986",13,Marquette,United States
Milwaukee Bucks,,MarJon Beauchamp,SF,6-6,199,"October 12, 2000",R,Yakima Valley Community College,United States
Milwaukee Bucks,,Jordan Nwora,SF,6-8,225,"September 9, 1998",2,Louisville,United States
Los Angeles Lakers,6.0,LeBron James,SF,6-9,250,"December 30, 1984",19,,United States
Los Angeles Lakers,3.0,Anthony Davis,PF,6-10,253,"March 11, 1993",10,Kentucky,United States
Los Angeles Lakers,0.0,Russell Westbrook,PG,6-3,200,"November 12, 1988",14,UCLA,United States
Los Angeles Lakers,12.0,Kendrick Nunn,PG,6-2,190,"August 3, 1995",2,"Illinois, Oakland",United States
Los Angeles Lakers,4.0,Lonnie Walker IV,SG,6-4,204,"December 14, 1998",4,Miami (FL),United States
Los Angeles Lakers,37.0,Matt Ryan,SF,6-7,215,"April 17, 1997",1,"Notre Dame, Vanderbilt, Chattanooga",United States
Los Angeles Lakers,15.0,Austin Reaves,SG,6-5,206,"May 29, 1998",1,"Wichita State, Oklahoma",United States
Los Angeles Lakers,10.0,Max Christie,SG,6-6,190,"February 10, 2003",R,Michigan State,United States
Los Angeles Lakers,21.0,Patrick Beverley,PG,6-1,180,"July 12, 1988",10,Arkansas,United States
Los Angeles Lakers,14.0,Scotty Pippen Jr. (TW),PG,6-3,185,"November 10, 2000",R,Vanderbilt,United States
Los Angeles Lakers,95.0,Juan Toscano-Anderson,SF,6-6,209,"April 10, 1993",3,Marquette,United States
Los Angeles Lakers,20.0,Cole Swider (TW),SF,6-9,220,"May 8, 1999",R,"Villanova, Syracuse",United States
Los Angeles Lakers,,Troy Brown Jr.,SF,6-6,215,"July 28, 1999",4,Oregon,United States
Los Angeles Lakers,,Damian Jones,C,6-11,245,"June 30, 1995",6,Vanderbilt,United States
Los Angeles Lakers,,Thomas Bryant,C,6-10,248,"July 31, 1997",5,Indiana,United States
Los Angeles Clippers,,Terance Mann,SG,6-5,215,"October 18, 1996",3,Florida State,United States
Los Angeles Clippers,,Marcus Morris,PF,6-8,218,"September 2, 1989",11,Kansas,United States
Los Angeles Clippers,,Paul George,SF,6-8,220,"May 2, 1990",12,Fresno State,United States
Los Angeles Clippers,,Luke Kennard,SG,6-5,206,"June 24, 1996",5,Duke,United States
Los Angeles Clippers,,Norman Powell,SG,6-3,215,"May 25, 1993",7,UCLA,United States
Los Angeles Clippers,,Brandon Boston Jr.,SG,6-7,185,"November 28, 2001",1,Kentucky,United States
Los Angeles Clippers,,Jason Preston,PG,6-4,187,"August 10, 1999",R,Ohio University,United States
Los Angeles Clippers,,Kawhi Leonard,SF,6-7,225,"June 29, 1991",10,San Diego State,United States
Los Angeles Clippers,,Robert Covington,SF,6-7,209,"December 14, 1990",9,Tennessee State,United States
Los Angeles Clippers,,Amir Coffey,SG,6-7,210,"June 17, 1997",3,Minnesota,United States
Los Angeles Clippers,,John Wall,PG,6-3,210,"September 6, 1990",10,Kentucky,United States
Los Angeles Clippers,,Moses Brown (TW),C,7-2,245,"October 13, 1999",3,UCLA,United States
Golden State Warriors,30.0,Stephen Curry,PG,6-2,185,"March 14, 1988",13,Davidson,United States
Golden State Warriors,11.0,Klay Thompson,SG,6-6,215,"February 8, 1990",9,Washington State,United States
Golden State Warriors,3.0,Jordan Poole,SG,6-4,194,"June 19, 1999",3,Michigan,United States
Golden State Warriors,33.0,James Wiseman,C,7-0,240,"March 31, 2001",1,Memphis,United States
Golden State Warriors,0.0,Donte DiVincenzo,SG,6-4,203,"January 31, 1997",4,Villanova,United States
Golden State Warriors,1.0,JaMychal Green,PF,6-8,227,"June 21, 1990",8,Alabama,United States
Golden State Warriors,5.0,Kevon Looney,PF,6-9,222,"February 6, 1996",7,UCLA,United States
Golden State Warriors,4.0,Moses Moody,SG,6-6,205,"May 31, 2002",1,Arkansas,United States
Golden State Warriors,23.0,Draymond Green,PF,6-6,230,"March 4, 1990",10,Michigan State,United States
Golden State Warriors,2.0,Ryan Rollins,PG,6-4,180,"July 3, 2002",R,Toledo,United States
Golden State Warriors,,Patrick Baldwin Jr.,SF,6-9,220,"November 18, 2002",R,UW-Milwaukee,United States
Golden State Warriors,,Andre Iguodala,SF,6-6,215,"January 28, 1984",18,Arizona,United States
Golden State Warriors,,Ty Jerome (TW),SG,6-5,195,"July 8, 1997",3,Virginia,United States
Golden State Warriors,,Anthony Lamb (TW),SF,6-6,227,"January 20, 1998",2,University of Vermont,United States
Phoenix Suns,1.0,Devin Booker,SG,6-5,206,"October 30, 1996",7,Kentucky,United States
Phoenix Suns,23.0,Cameron Johnson,PF,6-8,210,"March 3, 1996",3,"Pitt, UNC",United States
Phoenix Suns,25.0,Mikal Bridges,SF,6-6,209,"August 30, 1996",4,Villanova,United States
Phoenix Suns,10.0,Damion Lee,SG,6-5,210,"October 21, 1992",5,"Drexel, Louisville",United States
Phoenix Suns,15.0,Cameron Payne,PG,6-1,183,"August 8, 1994",7,Murray State,United States
Phoenix Suns,3.0,Chris Paul,PG,6-0,175,"May 6, 1985",17,Wake Forest,United States
Phoenix Suns,0.0,Torrey Craig,SF,6-7,221,"December 19, 1990",5,USC Upstate,United States
Phoenix Suns,,Jae Crowder,SF,6-6,235,"July 6, 1990",10,Marquette,United States
Phoenix Suns,,Landry Shamet,SG,6-4,190,"March 13, 1997",4,Wichita State,United States
Phoenix Suns,,Ish Wainright (TW),SF,6-6,250,"September 12, 1994",1,Baylor,United States
Sacremento Kings,5.0,De'Aaron Fox,PG,6-3,185,"December 20, 1997",5,Kentucky,United States
Sacremento Kings,9.0,Kevin Huerter,SG,6-7,190,"August 27, 1998",4,Maryland,United States
Sacremento Kings,3.0,Terence Davis,SG,6-4,201,"May 16, 1997",3,Ole Miss,United States
Sacremento Kings,10.0,Domantas Sabonis,PF,6-11,240,"May 3, 1996",6,Gonzaga,United States
Sacremento Kings,40.0,Harrison Barnes,SF,6-8,225,"May 30, 1992",10,UNC,United States
Sacremento Kings,0.0,Malik Monk,SG,6-3,200,"February 4, 1998",5,Kentucky,United States
Sacremento Kings,22.0,Richaun Holmes,PF,6-10,235,"October 15, 1993",7,Bowling Green,United States
Sacremento Kings,15.0,Davion Mitchell,PG,6-2,205,"September 5, 1998",1,"Auburn, Baylor",United States
Sacremento Kings,30.0,KZ Okpala,PF,6-8,215,"April 28, 1999",3,Stanford,United States
Sacremento Kings,,Keegan Murray,SF,6-8,215,"August 19, 2000",R,Iowa,United States
Sacremento Kings,,Keon Ellis (TW),SG,6-6,175,"January 8, 2000",R,"Florida SouthWestern State College, Alabama",United States
Sacremento Kings,,Chimezie Metu,C,6-9,225,"March 22, 1997",4,USC,United States
Washington Wizards,3.0,Bradley Beal,SG,6-4,207,"June 28, 1993",10,Florida,United States
Washington Wizards,33.0,Kyle Kuzma,PF,6-9,221,"July 24, 1995",5,Utah,United States
Washington Wizards,5.0,Will Barton,SG,6-6,181,"January 6, 1991",10,Memphis,United States
Washington Wizards,21.0,Daniel Gafford,PF,6-10,234,"October 1, 1998",3,Arkansas,United States
Washington Wizards,22.0,Monte Morris,PG,6-2,183,"June 27, 1995",5,Iowa State,United States
Washington Wizards,55.0,Delon Wright,PG,6-5,185,"April 26, 1992",7,Utah,United States
Washington Wizards,16.0,Anthony Gill,PF,6-7,230,"October 17, 1992",2,"South Carolina, Virginia",United States
Washington Wizards,,Vernon Carey Jr.,C,6-9,270,"February 25, 2001",2,Duke,United States
Washington Wizards,,Corey Kispert,SF,6-7,220,"March 3, 1999",1,Gonzaga,United States
Washington Wizards,,Isaiah Todd,PF,6-10,220,"October 17, 2001",1,,United States
Washington Wizards,,Johnny Davis,SG,6-5,196,"February 27, 2002",R,Wisconsin,United States
Washington Wizards,,Taj Gibson,PF,6-9,232,"June 24, 1985",13,USC,United States
Washington Wizards,,Jordan Goodwin (TW),PG,6-3,200,"October 23, 1998",1,Saint Louis,United States
Atlanta Hawks,20.0,John Collins,PF,6-9,235,"September 23, 1997",5,Wake Forest,United States
Atlanta Hawks,11.0,Trae Young,PG,6-1,164,"September 19, 1998",4,Oklahoma,United States
Atlanta Hawks,12.0,De'Andre Hunter,SF,6-8,225,"December 2, 1997",3,Virginia,United States
Atlanta Hawks,5.0,Dejounte Murray,PG,6-4,180,"September 19, 1996",5,Washington,United States
Atlanta Hawks,17.0,Onyeka Okongwu,C,6-8,235,"December 11, 2000",2,USC,United States
Atlanta Hawks,1.0,Jalen Johnson,SF,6-9,220,"December 18, 2001",1,Duke,United States
Atlanta Hawks,3.0,Aaron Holiday,PG,6-0,185,"September 30, 1996",4,UCLA,United States
Atlanta Hawks,8.0,Justin Holiday,SG,6-6,180,"April 5, 1989",9,Washington,United States
Atlanta Hawks,,AJ Griffin,SF,6-6,222,"August 25, 2003",R,Duke,United States
Atlanta Hawks,,Frank Kaminsky,C,7-0,240,"April 4, 1993",7,Wisconsin,United States
Atlanta Hawks,,Tyrese Martin,SG,6-6,215,"March 7, 1999",R,"Rhode Island, UConn",United States
Atlanta Hawks,,Trent Forrest (TW),PG,6-4,210,"June 12, 1998",2,Florida State,United States
Atlanta Hawks,,Jarrett Culver (TW),SG,6-6,195,"February 20, 1999",3,Texas Tech,United States
Orlando Magic,5.0,Paolo Banchero,SF,6-10,250,"November 12, 2002",R,Duke,United States
Orlando Magic,4.0,Jalen Suggs,SG,6-4,205,"June 3, 2001",1,Gonzaga,United States
Orlando Magic,31.0,Terrence Ross,SG,6-6,206,"February 5, 1991",10,Washington,United States
Orlando Magic,34.0,Wendell Carter Jr.,C,6-10,270,"April 16, 1999",4,Duke,United States
Orlando Magic,13.0,R.J. Hampton,PG,6-4,175,"February 7, 2001",2,,United States
Orlando Magic,3.0,Chuma Okeke,PF,6-6,229,"August 18, 1998",2,Auburn,United States
Orlando Magic,11.0,Mo Bamba,C,7-0,231,"May 12, 1998",4,Texas,United States
Orlando Magic,,Gary Harris,SG,6-4,210,"September 14, 1994",8,Michigan State,United States
Orlando Magic,,Kevon Harris (TW),SG,6-6,216,"June 24, 1997",R,Stephen F. Austin,United States
Orlando Magic,,Jonathan Isaac,PF,6-11,230,"October 3, 1997",3,Florida State,United States
Orlando Magic,,Markelle Fultz,SG,6-3,209,"May 29, 1998",5,Washington,United States
Orlando Magic,,Cole Anthony,PG,6-2,185,"May 15, 2000",2,UNC,United States
Miami Heat,22.0,Jimmy Butler,SF,6-7,230,"September 14, 1989",11,Marquette,United States
Miami Heat,14.0,Tyler Herro,SG,6-5,195,"January 20, 2000",3,Kentucky,United States
Miami Heat,31.0,Max Strus,SF,6-5,215,"March 28, 1996",3,"Lewis (IL), DePaul",United States
Miami Heat,13.0,Bam Adebayo,C,6-9,255,"July 18, 1997",5,Kentucky,United States
Miami Heat,21.0,Dewayne Dedmon,C,7-0,245,"August 12, 1989",9,USC,United States
Miami Heat,16.0,Caleb Martin,SF,6-5,205,"September 28, 1995",3,"NC State, Nevada",United States
Miami Heat,55.0,Duncan Robinson,SF,6-7,215,"April 22, 1994",4,"Williams, Michigan",United States
Miami Heat,2.0,Gabe Vincent,PG,6-3,200,"June 14, 1996",3,UC Santa Barbara,United States
Miami Heat,7.0,Kyle Lowry,PG,6-0,196,"March 25, 1986",16,Villanova,United States
Miami Heat,24.0,Haywood Highsmith,SF,6-7,220,"December 9, 1996",2,Wheeling University,United States
Miami Heat,,Victor Oladipo,SG,6-4,213,"May 4, 1992",9,Indiana,United States
Miami Heat,,Udonis Haslem,PF,6-8,235,"June 9, 1980",19,Florida,United States
Miami Heat,,Jamal Cain (TW),SF,6-7,191,"March 20, 1999",R,"Marquette, Oakland",United States
Miami Heat,,Dru Smith (TW),SG,6-3,203,"December 30, 1997",R,"University of Evansville, Missouri",United States
Charlotte Hornets,3.0,Terry Rozier,PG,6-1,190,"March 17, 1994",7,Louisville,United States
Charlotte Hornets,20.0,Gordon Hayward,SF,6-7,225,"March 23, 1990",12,Butler,United States
Charlotte Hornets,25.0,P.J. Washington,PF,6-7,230,"August 23, 1998",3,Kentucky,United States
Charlotte Hornets,12.0,Kelly Oubre Jr.,SF,6-7,203,"December 9, 1995",7,Kansas,United States
Charlotte Hornets,24.0,Mason Plumlee,C,6-11,254,"March 5, 1990",9,Duke,United States
Charlotte Hornets,8.0,Dennis Smith Jr.,PG,6-2,205,"November 25, 1997",5,NC State,United States
Charlotte Hornets,6.0,Jalen McDaniels,SF,6-9,205,"January 31, 1998",3,San Diego State,United States
Charlotte Hornets,5.0,Mark Williams,C,7-1,241,"December 16, 2001",R,Duke,United States
Charlotte Hornets,2.0,James Bouknight,SG,6-5,190,"September 18, 2000",1,UConn,United States
Charlotte Hornets,21.0,JT Thor,PF,6-10,205,"August 26, 2002",1,Auburn,United States
Charlotte Hornets,7.0,Bryce McGowens (TW),SG,6-7,179,"November 8, 2002",R,Nebraska,United States
Charlotte Hornets,11.0,Cody Martin,SF,6-5,205,"September 28, 1995",3,"NC State, Nevada",United States
Charlotte Hornets,,LaMelo Ball,PG,6-7,180,"August 22, 2001",2,,United States
Memphis Grizzlies,12.0,Ja Morant,PG,6-3,174,"August 10, 1999",3,Murray State,United States
Memphis Grizzlies,22.0,Desmond Bane,SG,6-5,215,"June 25, 1998",2,TCU,United States
Memphis Grizzlies,21.0,Tyus Jones,PG,6-0,196,"May 10, 1996",7,Duke,United States
Memphis Grizzlies,46.0,John Konchar,SG,6-5,210,"March 22, 1996",3,Purdue-Fort Wayne,United States
Memphis Grizzlies,3.0,Jake LaRavia,PF,6-8,235,"November 3, 2001",R,"Indiana State University, Wake Forest",United States
Memphis Grizzlies,2.0,Xavier Tillman Sr.,PF,6-8,245,"January 12, 1999",2,Michigan State,United States
Memphis Grizzlies,27.0,David Roddy,PF,6-6,255,"March 27, 2001",R,Colorado State,United States
Memphis Grizzlies,,Ziaire Williams,SF,6-8,215,"September 12, 2001",1,Stanford,United States
Memphis Grizzlies,,Danny Green,SG,6-6,215,"June 22, 1987",13,UNC,United States
Memphis Grizzlies,,Jaren Jackson Jr.,C,6-11,242,"September 15, 1999",4,Michigan State,United States
Memphis Grizzlies,,Kenneth Lofton Jr. (TW),PF,6-7,275,"August 14, 2002",R,Louisiana Tech,United States
Memphis Grizzlies,,Vince Williams Jr. (TW),SG,6-6,205,"August 30, 2000",R,VCU,United States
Memphis Grizzlies,,Kennedy Chandler,PG,6-0,171,"September 16, 2002",R,Tennessee,United States
New Orleans Pelicans,14.0,Brandon Ingram,SF,6-8,190,"September 2, 1997",6,Duke,United States
New Orleans Pelicans,1.0,Zion Williamson,PF,6-6,284,"July 6, 2000",2,Duke,United States
New Orleans Pelicans,3.0,CJ McCollum,SG,6-3,190,"September 19, 1991",9,Lehigh,United States
New Orleans Pelicans,25.0,Trey Murphy III,SF,6-9,206,"June 18, 2000",1,"Rice University, Virginia",United States
New Orleans Pelicans,22.0,Larry Nance Jr.,PF,6-7,245,"January 1, 1993",7,Wyoming,United States
New Orleans Pelicans,15.0,Jose Alvarado,PG,6-0,179,"April 12, 1998",1,Georgia Tech,United States
New Orleans Pelicans,5.0,Herbert Jones,SF,6-8,210,"October 6, 1998",1,Alabama,United States
New Orleans Pelicans,8.0,Naji Marshall,SF,6-7,220,"January 24, 1998",2,Xavier,United States
New Orleans Pelicans,4.0,Devonte' Graham,PG,6-1,195,"February 22, 1995",4,Kansas,United States
New Orleans Pelicans,,E.J. Liddell (TW),PF,6-7,240,"December 18, 2000",R,Ohio State,United States
New Orleans Pelicans,,Dereon Seabron (TW),SG,6-7,180,"May 26, 2000",R,,United States
New Orleans Pelicans,,Garrett Temple,SG,6-5,195,"May 8, 1986",12,LSU,United States
New Orleans Pelicans,,Kira Lewis Jr.,PG,6-1,170,"April 6, 2001",2,Alabama,United States
New Orleans Pelicans,,Jaxson Hayes,C,6-11,220,"May 23, 2000",3,Texas,United States
Houston Rockets,3.0,Kevin Porter Jr.,SG,6-4,203,"May 4, 2000",3,USC,United States
Houston Rockets,1.0,Jabari Smith Jr.,PF,6-10,220,"May 13, 2003",R,Auburn,United States
Houston Rockets,4.0,Jalen Green,SG,6-4,178,"February 9, 2002",1,,United States
Houston Rockets,10.0,Eric Gordon,SG,6-3,215,"December 25, 1988",14,Indiana,United States
Houston Rockets,17.0,Tari Eason,SF,6-8,216,"May 10, 2001",R,"Cincinnati, LSU",United States
Houston Rockets,9.0,Josh Christopher,SG,6-5,215,"December 8, 2001",1,Arizona State,United States
Houston Rockets,6.0,Kenyon Martin Jr.,SF,6-6,215,"January 6, 2001",2,,United States
Houston Rockets,25.0,Garrison Mathews,SG,6-5,215,"October 24, 1996",3,Lipscomb,United States
Houston Rockets,,Daishen Nix,PG,6-5,224,"February 13, 2002",1,,United States
Houston Rockets,,Trevor Hudgins (TW),PG,6-0,180,"March 23, 1999",R,Northwest Missouri State University,United States
Houston Rockets,,TyTy Washington Jr.,PG,6-3,197,"November 15, 2001",R,Kentucky,United States
Houston Rockets,,Jae'Sean Tate,SF,6-4,230,"October 28, 1995",2,Ohio State,United States
Houston Rockets,,Darius Days (TW),PF,6-7,245,"October 20, 1999",R,LSU,United States
San Antonio Spurs,3.0,Keldon Johnson,SF,6-5,220,"October 11, 1999",3,Kentucky,United States
San Antonio Spurs,33.0,Tre Jones,PG,6-1,185,"January 8, 2000",2,Duke,United States
San Antonio Spurs,17.0,Doug McDermott,SF,6-7,225,"January 3, 1992",8,Creighton,United States
San Antonio Spurs,24.0,Devin Vassell,SG,6-5,200,"August 23, 2000",2,Florida State,United States
San Antonio Spurs,18.0,Isaiah Roby,PF,6-8,230,"February 3, 1998",3,Nebraska,United States
San Antonio Spurs,35.0,Romeo Langford,SG,6-4,216,"October 25, 1999",3,Indiana,United States
San Antonio Spurs,10.0,Jeremy Sochan,PF,6-9,230,"May 20, 2003",R,Baylor,United States
San Antonio Spurs,31.0,Keita Bates-Diop,SF,6-8,229,"January 23, 1996",4,Ohio State,United States
San Antonio Spurs,23.0,Zach Collins,PF,6-11,250,"November 19, 1997",4,Gonzaga,United States
San Antonio Spurs,7.0,Josh Richardson,SG,6-5,200,"September 15, 1993",7,Tennessee,United States
San Antonio Spurs,,Malaki Branham,SF,6-5,180,"May 12, 2003",R,Ohio State,United States
San Antonio Spurs,,Dominick Barlow (TW),SF,6-9,221,"May 26, 2003",R,,United States
San Antonio Spurs,,Blake Wesley,SG,6-5,185,"March 16, 2003",R,Notre Dame,United States
San Antonio Spurs,,Jordan Hall (TW),SF,6-7,215,"January 14, 2002",R,Saint Joseph's,United States
Dallas Mavericks,35.0,Christian Wood,PF,6-10,214,"September 27, 1995",6,UNLV,United States
Dallas Mavericks,26.0,Spencer Dinwiddie,PG,6-5,215,"April 6, 1993",8,Colorado,United States
Dallas Mavericks,25.0,Reggie Bullock,SF,6-6,205,"March 16, 1991",9,UNC,United States
Dallas Mavericks,11.0,Tim Hardaway Jr.,SG,6-5,205,"March 16, 1992",9,Michigan,United States
Dallas Mavericks,10.0,Dorian Finney-Smith,PF,6-7,220,"May 4, 1993",6,Florida,United States
Dallas Mavericks,0.0,JaVale McGee,C,7-0,270,"January 19, 1988",14,Nevada,United States
Dallas Mavericks,,Theo Pinson,SG,6-5,212,"November 5, 1995",4,UNC,United States
Dallas Mavericks,,Jaden Hardy,SG,6-4,198,"July 5, 2002",R,,United States
Dallas Mavericks,,Tyler Dorsey (TW),SG,6-5,183,"February 18, 1996",2,Oregon,United States
Dallas Mavericks,,McKinley Wright IV (TW),PG,6-0,196,"October 25, 1998",1,Colorado,United States
Boston Celtics,42.0,Al Horford,C,6-9,240,"June 3, 1986",15,Florida,Dominican Republic
Boston Celtics,,Danilo Gallinari,SF,6-10,233,"August 8, 1988",13,,Italy
Utah Jazz,16.0,Simone Fontecchio,SF,6-8,209,"December 9, 1995",R,,Italy
Los Angeles Clippers,,Reggie Jackson,PG,6-2,208,"April 16, 1990",11,Boston College,Italy
Boston Celtics,,Mfiondu Kabengele (TW),PF,6-9,250,"August 14, 1997",2,Florida State,Canada
Toronto Raptors,45.0,Dalano Banton,PG,6-9,204,"November 7, 1999",1,Nebraska,Canada
Toronto Raptors,,Khem Birch,C,6-9,233,"September 28, 1992",5,"Pitt, UNLV",Canada
New York Knicks,9.0,RJ Barrett,SG,6-6,214,"June 14, 2000",3,Duke,Canada
Oklahoma City Thunder,2.0,Shai Gilgeous-Alexander,SG,6-6,180,"July 12, 1998",4,Kentucky,Canada
Oklahoma City Thunder,5.0,Luguentz Dort,SG,6-3,215,"April 19, 1999",3,Arizona State,Canada
Denver Nuggets,27.0,Jamal Murray,PG,6-3,215,"February 23, 1997",5,Kentucky,Canada
Portland Trail Blazers,17.0,Shaedon Sharpe,SG,6-6,200,"May 30, 2003",R,Kentucky,Canada
Utah Jazz,41.0,Kelly Olynyk,C,6-11,240,"April 19, 1991",9,Gonzaga,Canada
Utah Jazz,6.0,Nickeil Alexander-Walker,SG,6-6,205,"September 2, 1998",3,Virginia Tech,Canada
Detroit Pistons,18.0,Cory Joseph,PG,6-3,200,"August 20, 1991",11,Texas,Canada
Indiana Pacers,0.0,Bennedict Mathurin,SG,6-6,210,"June 19, 2002",R,Arizona,Canada
Indiana Pacers,3.0,Chris Duarte,SF,6-6,190,"June 13, 1997",1,Oregon,Canada
Indiana Pacers,12.0,Oshae Brissett,SF,6-7,210,"June 20, 1998",3,Syracuse,Canada
Indiana Pacers,,Andrew Nembhard,SG,6-5,193,"January 16, 2000",R,"Florida, Gonzaga",Canada
Golden State Warriors,22.0,Andrew Wiggins,SF,6-7,197,"February 23, 1995",8,Kansas,Canada
Sacremento Kings,41.0,Trey Lyles,PF,6-9,234,"November 5, 1995",7,Kentucky,Canada
Orlando Magic,2.0,Caleb Houstan,SF,6-8,205,"January 9, 2003",R,Michigan,Canada
Memphis Grizzlies,15.0,Brandon Clarke,PF,6-8,215,"September 19, 1996",3,"San Jose State, Gonzaga",Canada
Memphis Grizzlies,,Dillon Brooks,SG,6-7,225,"January 22, 1996",5,Oregon,Canada
San Antonio Spurs,11.0,Joshua Primo,SG,6-6,190,"December 24, 2002",1,Alabama,Canada
Dallas Mavericks,,Dwight Powell,C,6-10,240,"July 20, 1991",8,Stanford,Canada
Brooklyn Nets,8.0,Patty Mills,PG,6-1,180,"August 11, 1988",13,Saint Mary's,Australia
Brooklyn Nets,11.0,Kyrie Irving,PG,6-2,195,"March 23, 1992",11,Duke,Australia
Brooklyn Nets,10.0,Ben Simmons,PG,6-10,240,"July 20, 1996",4,LSU,Australia
Oklahoma City Thunder,3.0,Josh Giddey,SG,6-8,210,"October 10, 2002",1,,Australia
Denver Nuggets,,Jack White (TW),SF,6-7,225,"August 5, 1997",R,Duke,Australia
Milwaukee Bucks,,Joe Ingles,SF,6-8,220,"October 2, 1987",8,,Australia
Phoenix Suns,11.0,Jock Landale,C,6-11,256,"October 25, 1995",1,Saint Mary's,Australia
Sacremento Kings,,Chima Moneke,SF,6-6,222,"December 24, 1995",R,"Northeast Community College, UC-Davis",Australia
Sacremento Kings,,Matthew Dellavedova,PG,6-3,200,"September 8, 1990",8,Saint Mary's,Australia
New Orleans Pelicans,11.0,Dyson Daniels,PG,6-8,199,"March 17, 2003",R,,Australia
Dallas Mavericks,8.0,Josh Green,SG,6-5,200,"November 16, 2000",2,Arizona,Australia
Brooklyn Nets,24.0,Cam Thomas,SG,6-4,210,"October 13, 2001",1,LSU,Japan
Brooklyn Nets,18.0,Yuta Watanabe,SF,6-9,215,"October 13, 1994",4,George Washington,Japan
Washington Wizards,8.0,Rui Hachimura,PF,6-8,230,"February 8, 1998",3,Gonzaga,Japan
Toronto Raptors,43.0,Pascal Siakam,PF,6-9,230,"April 2, 1994",6,New Mexico State,Cameroon
Toronto Raptors,35.0,Christian Koloko,C,7-1,230,"June 20, 2000",R,Arizona,Cameroon
Philadelphia 76ers,21.0,Joel Embiid,C,7-0,280,"March 16, 1994",6,Kansas,Cameroon
Toronto Raptors,3.0,OG Anunoby,SF,6-7,232,"July 17, 1997",5,Indiana,Great Britain
Orlando Magic,,Admiral Schofield (TW),PF,6-5,241,"March 30, 1997",2,Tennessee,Great Britain
Miami Heat,,Nikola Jović,PF,6-10,209,"June 9, 2003",R,,Great Britain
Toronto Raptors,5.0,Precious Achiuwa,PF,6-8,225,"September 19, 1999",2,Memphis,Nigeria
Oklahoma City Thunder,97.0,Eugene Omoruyi (TW),SF,6-7,244,"February 14, 1997",1,"Rutgers University, Oregon",Nigeria
Utah Jazz,,Udoka Azubuike,C,6-10,280,"September 17, 1999",2,Kansas,Nigeria
Phoenix Suns,2.0,Josh Okogie,SG,6-4,213,"September 1, 1998",4,Georgia Tech,Nigeria
Toronto Raptors,41.0,Juancho Hernangómez,PF,6-9,214,"September 28, 1995",6,,Spain
Cleveland Cavaliers,,Ricky Rubio,PG,6-2,190,"October 21, 1990",11,,Spain
Memphis Grizzlies,7.0,Santi Aldama,PF,6-11,224,"January 10, 2001",1,Loyola (MD),Spain
New Orleans Pelicans,,Willy Hernangómez,C,6-11,250,"May 27, 1994",6,,Spain
Houston Rockets,,Usman Garuba,PF,6-8,220,"March 9, 2002",1,,Spain
Toronto Raptors,,Chris Boucher,PF,6-9,200,"January 11, 1993",5,Oregon,St. Lucia
Philadelphia 76ers,,Furkan Korkmaz,SG,6-7,202,"July 24, 1997",5,,Turkey
Miami Heat,,Omer Yurtseven,C,7-0,264,"June 19, 1998",1,"NC State, Georgetown",Turkey
Houston Rockets,28.0,Alperen Şengün,C,6-9,235,"July 25, 2002",1,,Turkey
New York Knicks,13.0,Evan Fournier,SG,6-7,205,"October 29, 1992",10,,France
Minnesota Timberwolves,27.0,Rudy Gobert,C,7-1,258,"June 26, 1992",9,,France
Oklahoma City Thunder,13.0,Ousmane Dieng,SF,6-10,216,"May 21, 2003",R,,France
Portland Trail Blazers,,Olivier Sarr (TW),C,7-0,237,"February 20, 1999",1,"Wake Forest, Kentucky",France
Los Angeles Clippers,,Nicolas Batum,SF,6-8,230,"December 14, 1988",14,,France
Los Angeles Clippers,,Moussa Diabaté (TW),PF,6-11,210,"January 21, 2002",R,Michigan,France
Charlotte Hornets,9.0,Théo Maledon (TW),PG,6-4,175,"June 12, 2001",2,,France
New York Knicks,,Svi Mykhailiuk,SF,6-7,205,"June 10, 1997",4,Kansas,Ukraine
Sacremento Kings,,Alex Len,C,7-0,250,"June 16, 1993",9,Maryland,Ukraine
Oklahoma City Thunder,17.0,Aleksej Pokusevski,PF,7-0,190,"December 26, 2001",2,,Russia
Denver Nuggets,15.0,Nikola Jokić,C,6-11,284,"February 19, 1995",7,,Russia
Atlanta Hawks,,Bogdan Bogdanović,SG,6-6,220,"August 18, 1992",5,,Russia
Houston Rockets,,Boban Marjanović,C,7-3,290,"August 15, 1988",7,,Russia
Denver Nuggets,31.0,Vlatko Čančar,PF,6-8,236,"April 10, 1997",3,,Slovenia
Chicago Bulls,7.0,Goran Dragić,PG,6-3,190,"May 6, 1986",14,,Slovenia
Dallas Mavericks,77.0,Luka Dončić,PG,6-7,230,"February 28, 1999",4,,Slovenia
Portland Trail Blazers,27.0,Jusuf Nurkić,C,6-11,290,"August 23, 1994",8,,Bosnia and Herzegovina
Detroit Pistons,44.0,Bojan Bogdanović,SF,6-7,226,"April 18, 1989",8,,Bosnia and Herzegovina
Los Angeles Clippers,,Ivica Zubac,C,7-0,240,"March 18, 1997",6,,Bosnia and Herzegovina
Utah Jazz,23.0,Lauri Markkanen,PF,7-0,240,"May 22, 1997",5,Arizona,Finland
Utah Jazz,10.0,Leandro Bolmaro,SG,6-6,200,"September 11, 2000",1,,Argentina
Dallas Mavericks,,Facundo Campazzo,PG,5-10,195,"March 23, 1991",2,,Argentina
Chicago Bulls,9.0,Nikola Vučević,C,6-10,260,"October 24, 1990",11,USC,Switzerland
Atlanta Hawks,15.0,Clint Capela,C,6-10,240,"May 18, 1994",8,,Switzerland
Chicago Bulls,,Marko Simonovic,C,6-11,216,"October 15, 1999",1,,Montenegro
Chicago Bulls,,Kostas Antetokounmpo (TW),PF,6-10,200,"November 20, 1997",3,Dayton,Greece
Milwaukee Bucks,,Giannis Antetokounmpo,PF,6-11,242,"December 6, 1994",9,,Greece
Milwaukee Bucks,,Thanasis Antetokounmpo,SF,6-6,219,"July 18, 1992",4,,Greece
Cleveland Cavaliers,16.0,Cedi Osman,SF,6-7,230,"April 8, 1995",5,,North Macedonia
Cleveland Cavaliers,19.0,Raul Neto,PG,6-1,180,"May 19, 1992",7,,Brazil
Cleveland Cavaliers,,Mamadi Diakite (TW),PF,6-9,228,"January 21, 1997",2,Virginia,Guinea
Indiana Pacers,24.0,Buddy Hield,SG,6-4,220,"December 17, 1992",6,Oklahoma,Bahamas
Phoenix Suns,22.0,Deandre Ayton,C,6-11,250,"July 23, 1998",4,Arizona,Bahamas
Charlotte Hornets,23.0,Kai Jones,C,6-11,218,"January 19, 2001",1,Texas,Bahamas
Indiana Pacers,88.0,Goga Bitadze,C,6-11,250,"July 20, 1999",3,,Georgia
Indiana Pacers,,Daniel Theis,C,6-8,245,"April 4, 1992",5,,Germany
Los Angeles Lakers,,Dennis Schröder,PG,6-3,172,"September 15, 1993",9,,Germany
Phoenix Suns,,Duane Washington Jr. (TW),SG,6-3,210,"March 24, 2000",1,Ohio State,Germany
Orlando Magic,22.0,Franz Wagner,SF,6-9,225,"August 27, 2001",1,Michigan,Germany
Orlando Magic,,Moritz Wagner,C,6-11,245,"April 26, 1997",4,Michigan,Germany
Dallas Mavericks,42.0,Maxi Kleber,PF,6-10,240,"January 29, 1992",5,,Germany
Milwaukee Bucks,,Serge Ibaka,PF,6-10,235,"September 18, 1989",13,,Congo
Los Angeles Lakers,35.0,Wenyen Gabriel,PF,6-9,205,"March 26, 1997",3,Kentucky,Sudan
Orlando Magic,10.0,Bol Bol,PF,7-2,220,"November 16, 1999",3,Oregon,Sudan
Golden State Warriors,0.0,Jonathan Kuminga,PF,6-8,210,"October 6, 2002",1,,The Democratic Republic of Congo
Phoenix Suns,18.0,Bismack Biyombo,C,6-8,255,"August 28, 1992",11,,The Democratic Republic of Congo
Phoenix Suns,20.0,Dario Šarić,PF,6-10,225,"April 8, 1994",5,,Crotia
Sacremento Kings,,Neemias Queta (TW),C,7-0,245,"July 13, 1999",1,Utah State University,Portugal
Washington Wizards,6.0,Kristaps Porziņģis,PF,7-3,240,"August 2, 1995",6,,Latvia
Dallas Mavericks,,Dāvis Bertāns,PF,6-10,225,"November 12, 1992",6,,Latvia
Washington Wizards,9.0,Deni Avdija,SF,6-9,210,"January 3, 2001",2,,Israel
Atlanta Hawks,,Vit Krejci,PG,6-8,195,"June 19, 2000",1,,Czechia
Charlotte Hornets,4.0,Nick Richards,C,7-0,245,"November 29, 1997",2,Kentucky,Jamaica
Memphis Grizzlies,4.0,Steven Adams,C,6-11,265,"July 20, 1993",9,Pitt,New Zealnd
New Orleans Pelicans,17.0,Jonas Valančiūnas,C,6-11,265,"May 6, 1992",10,,Lithuania
Houston Rockets,20.0,Bruno Fernando,C,6-9,240,"August 15, 1998",3,Maryland,Angola
San Antonio Spurs,25.0,Jakob Poeltl,C,7-1,245,"October 15, 1995",6,Utah,Austria
San Antonio Spurs,41.0,Gorgui Dieng,C,6-10,252,"January 18, 1990",9,Louisville,Senegal
Dallas Mavericks,,Frank Ntilikina,PG,6-4,200,"July 28, 1998",5,,Belgium
